{"extensionType":"field_faas","i18nMap":{"zh-CN":{"contentPlaceholder":"请选择内容字段","authorPlaceholder":"请选择作者字段","titlePlaceholder":"请选择标题字段","sourcePlaceholder":"请选择来源字段","timePlaceholder":"请选择时间字段","css_selectorPlaceholder":"请选择卡片主题","text_alignPlaceholder":"请选择文本对齐方式","content_max_length":"内容字数超过限制（不得超过256字）","zoomPlaceholder":"请选择图片质量，质量越高生成时间越长"},"en-US":{"contentPlaceholder":"Please select the content field","authorPlaceholder":"Please select the author field","titlePlaceholder":"Please select the title field","sourcePlaceholder":"Please select the source field","timePlaceholder":"Please select the time field","css_selectorPlaceholder":"Please select the card theme","text_alignPlaceholder":"Please select the text alignment","content_max_length":"The content word count exceeds the limit (no more than 256 words allowed).","zoomPlaceholder":"Please select the image quality, higher quality takes longer to generate"},"ja-JP":{"contentPlaceholder":"内容フィールドを選択してください","authorPlaceholder":"作者フィールドを選択してください","titlePlaceholder":"タイトルフィールドを選択してください","sourcePlaceholder":"ソースフィールドを選択してください","timePlaceholder":"時間フィールドを選択してください","css_selectorPlaceholder":"カードテーマを選択してください","text_alignPlaceholder":"テキストの整列方式を選択してください。","content_max_length":"内容の文字数が制限を超えています（256字以内でお願いします）。","zoomPlaceholder":"画像品質を選択してください。品質が高いほど生成時間が長くなります"}},"fields":[{"fieldType":17,"uiSchema":{"fieldsConfigEditor":{"component":"OpenFieldMetaEditor","props":{"schema":{"items":[{"key":"content","label":"${{contentPlaceholder}}","component":"FieldSelect","props":{"placeholder":"${{contentPlaceholder}}","supportType":[1]},"validator":{"required":true,"maxLength":256},"tooltips":[{"type":"link","text":"点击查看说明文档","link":"https://jfsq6znqku.feishu.cn/wiki/IGZFwmBiJiIh7AkoxHscoZA7nLg?fromScene=spaceOverview&table=tblTNYmVWJOV32w9&view=vewsmuEYuU"}]},{"key":"author","label":"${{authorPlaceholder}}","component":"FieldSelect","props":{"placeholder":"${{authorPlaceholder}}","supportType":[1]},"validator":{"required":false}},{"key":"title","label":"${{titlePlaceholder}}","component":"FieldSelect","props":{"placeholder":"${{titlePlaceholder}}","supportType":[1]},"validator":{"required":false}},{"key":"source","label":"${{sourcePlaceholder}}","component":"FieldSelect","props":{"placeholder":"${{sourcePlaceholder}}","supportType":[1]},"validator":{"required":false}},{"key":"time","label":"${{timePlaceholder}}","component":"FieldSelect","props":{"placeholder":"${{timePlaceholder}}","supportType":[5]},"validator":{"required":false}},{"key":"zoom","label":"${{zoomPlaceholder}}","component":"Radio","props":{"options":[{"label":"低","value":"1"},{"label":"较低","value":"2"},{"label":"一般","value":"3"},{"label":"较高","value":"4"},{"label":"最高","value":"5"}]},"validator":{"required":true,"minItems":1,"maxItems":5}},{"key":"css_selector","label":"${{css_selectorPlaceholder}}","component":"Radio","props":{"options":[{"label":"梦幻晨曦","value":"1"},{"label":"墨染夜空","value":"2"},{"label":"炫彩日落","value":"3"},{"label":"海天幻境","value":"4"},{"label":"朦胧灰雾","value":"5"}]},"tooltips":[{"type":"link","text":"点击查看说明文档","link":"https://jfsq6znqku.feishu.cn/wiki/IGZFwmBiJiIh7AkoxHscoZA7nLg?fromScene=spaceOverview&table=tblTNYmVWJOV32w9&view=vewsmuEYuU"}],"validator":{"required":true}},{"key":"align_value","label":"${{text_alignPlaceholder}}","component":"Radio","props":{"options":[{"label":"左对齐","value":"left"},{"label":"右对齐","value":"right"},{"label":"居中","value":"center"},{"label":"两端对齐","value":"justify"}]},"validator":{"required":true}},{"key":"zoom","label":"${{zoomPlaceholder}}","component":"Radio","props":{"options":[{"label":"低","value":"1"},{"label":"较低","value":"2"},{"label":"一般","value":"3"},{"label":"较高","value":"4"},{"label":"最高","value":"5"}]},"validator":{"required":true,"minItems":1,"maxItems":5}}]}}}},"presetFieldConfig":{"fieldProperty":{"propertyType":17,"properties":[]},"externalEditorConfig":{}}}]}